Martin Laird,27936
Ernie Els,6522
Lee CORFIELD,30964
Jason Day,28089
Simon EDWARDS,26553
Peter Uihlein (a),29484
Craig HINTON,57001
Zach Johnson,24024
Bernhard LANGER,1666
Martin Kaymer,27408
Lee Westwood,20396
Phil Mickelson,1810
Luke Donald,23983
Graeme McDowell,25572
Paul Casey,25364
Tiger Woods,8793
Steve Stricker,6527
Rory McIlroy,28237
Matt Kuchar,23108
Dustin Johnson,30925
Francesco Molinari,25198
Ian Poulter,24138
Bubba Watson,25804
Simon LILLY,26327
Retief Goosen,20157
Robert Karlsson,19970
Louis Oosthuizen,26329
Alvaro Quiros,27072
Bryden MACPHERSON,33927
Miguel Angel Jimenez,19958
Tim Clark,81
Francis McGUIRK,57002
Edoardo Molinari,23814
Charl Schwartzel,26331
Seung-Yul NOH,29289
Thomas SHADBOLT,35179
Andy SMITH,57003
Y.E. Yang,24663
Padraig Harrington,20766
Ben Crane,23541
Adam WOOTTON,57004
Kyung-tae Kim,28258
Peter Hanson,22792
Bob Sowards (CP),12309
Anders Hansen,20859
Brad Lardon (CP),6016
Ross Fisher,27896
Ryo Ishikawa,30852
Brian Cairns (CP),22789
Craig Stevens (CP),2145
Dan Olsen (CP),7939
Daniel Balin (CP),34387
David Hutsell (CP),24727
Yuta Ikeda,26908
Faber Jamerson (CP),24730
Rory Sabbatini,23621
Jeff Sorenson (CP),30933
Jonathan Byrd,24925
Hiroyuki Fujita,21284
Stewart Cink,20229
Aaron Baddeley,22371
Ryan Palmer,23320
Marty Jertson (CP),26735
Mike Northern (CP),25808
Heath Slocum,22293
Mike Small (CP),7707
Sergio Garcia,21209
David Toms,2206
Brandt Snedeker,27649
Rob Moss (CP),7595
Robert McClellan (CP),27808
Henrik Stenson,21528
Lucas Glover,25900
Angel Cabrera,20848
Scott Erdmann (CP),35625
Jerry Kelly,8075
Gregory Havret,22896
Davis Love III,1706
Sean Dougherty (CP),32485
Steve Schneiter (CP),8215
Jason Bohn,1173
Alex Cejka,20472
Fred Couples,91
Stuart Smith (CP),35626
Todd Camplin (CP),35299
Nathan Smith,5035
Tom Watson,2256
Jose Maria Olazabal,6373
Hideki Matsuyama,
Jin Jeong,
Ian Woosnam,463
Ben Crenshaw,94
Larry Mize,310
Sandy Lyle,1717
David Chung (a),35211
Craig Stadler,403
Mark O'Meara,1887
Lion Kim,
Sang-Moon Bae,24701
Briny Baird,20498
Michael Barbosa (a),80200
Scott Barr,22048
Brad Benjamin (a),34023
Bennett Blakeman,
Zack Byrd,
Chad Campbell,12510
Michael Campbell,20400
Patrick Cantlay (a),80003
William (Bud) Cauley,
Nick Beach,3736
Nicolas Colsaerts,23452
Christopher DeForest,35444
Bubba Dickerson,26360
Robert Dinwiddie,29954
Johan Edfors,27088
Matthew Edwards,80011
John Ellis,27447
Fred Funk,
Stephen Gallacher,20376
Elliot Gealy,24876
Andres Gonzales,29720
Christo Greyling,25109
Adam Hadwin,80016
Todd Hamilton,1473
Andreas Harto,80017
Wes Heffernan,24219
Scott Hend,23063
Russell Henley (a),34098
Justin Hicks,25444
Beau Hossler (a),80021
David Howell,20608
Jesse Hutchins,29639
Steve Irwin (a),90102
Fredrik Jacobson,21731
Brandt Jobe,6573
Dae-Hyun Kim,27979
Do-Hoon Kim,35195
Andy Bean,26
Kenichi Kuboya,20940
Maarten Lafeber,21695
Joey Lamielle,29406
Thomas Levet,12662
Brian Locke,90006
Adam Long,90406
Shane Lowry,33204
Matteo Manassero,33199
David May,90007
Jon Mills,25942
Ryan Nelson,25861
Seung Yul Noh,29289
Alexander Noren,27349
Cheng-Tsung Pan (a),90010
Brett Patterson (a),90011
Scott Piercy,25818
Scott Pinckney (a),90101
Matthew Richardson,2830
Robert Rock,26539
Sam Saunders,90014
John Senden,20645
Marcel Siem,23481
Geoffrey Sisk,
Michael Smith,90016
Michael Tobiason Jr.,35447
Kirk Triplett,2214
Ty Tryon,25450
Marcel Turnesa,
Michael Beard,1191
Michael Whitehead,90018
Will Wilcox,90019
Chris Williams (a),90020
Chris Wilson,90021
Ray Beaufils,5029
Chip Beck,27
Gavin Beck,4063
Hector Beck,4064
Colby Beckstrom,1400
Jason Beebe,887
Stephen Behr,1622
Benoit Beisser,1209
Charlie Beljan,3777
Brad Bell,734
Don Bell,501
Brian Benedcitson,4065
Camilo Benedetti,1012
Jorge Benedetti,31
Andres Benenati,4066
Guillermo Benenati,4067
Jim Benepe,502
Aaron Bengoechea,32
Brad Benjamin,5286
Brad Benkey,33
Mike Bennett,826
Warren Bennett,864
Frank Bensel,1322
Yohann Benson,3778
Ryan Benzel,3513
Michael Berg,3311
David Berganio Jr.,34
Brian Bergstol,3779
John Bermel,591
Lindsay Bernakevitch,1162
Luis Berrios,4068
Don Berry,592
Travis Bertoni,3780
Ignacio Besagoitia,4069
Ramon Bescansa,1214
Jon Bevan,1686
Cody Beyer,1010
Rudi Bezuidenhout,4070
Gaganjeet Bhullar,4309
Roy Biancalana,1047
John Bickerton,503
John Bierkan,5534
Tommy Biershenk,761
Bryan Bigley,5960
Rich Bin,35
Brett Bingham,1597
Gary Birch Jr.,36
Jeff Bisbee,1541
Gregory Bisconti,1727
Thomas Bjorn,10944
Jacques Blaauw,4071
Mark Black,1545
Ronnie Black,38
Woody Blackburn,844
Kyle Blackman,39
Phil Blackmar,40
Warren Bladon,1687
John Panek,1682
Brett Paquet,1242
Jin Park,922
Brad Adamonis,23778
Steve Elkington,1313
Graham DeLaet,
Jay Williamson,
Duffy Waldorf,
Carl Paulson,
Michael Bradley,1116
John Rollins,22913
Nathan Green,23718
Kenny Perry,
Lee Janzen,
Michael Allen,
Corey Pavin,
Billy Mayfair,
David Duval,9011
Shane Bertsch,
Brad Faxon,
Rich Beem,23614
Daniel Summerhays,
Nate Smith,
Scott Gordon,
Martin Piller,
Ben Martin,
Kevin Kisner,
Fran Quinn,
Fabian Gomez,
Jerod Turner,
Jarrod Lyle,
Jim Herman,
Bio Kim,
Matt McQuillan,
Fran Marrello,
James Driscoll,
Rocco Mediate,1797
Scott Verplank,2239
Brendan Steele,29518
John Daly,1249
Craig Bowden,
Woody Austin,
Paul Stankowski,
D.J. Brigman,
Colt Knost,
Billy Andrade,
Morgan Hoffmann,
Aron Price,
Chris Baryla,
Will Strickler,
Kevin Tway,
Scott Gutschewski,
Jim Renner,
Bud Cauley,
Jim Blair,3885
Jon Curran,5513
Lee Curry,654
Paul Curry,522
Jeff Cuzzort,3811
Adilson da Silva,3460
Sean Dadey,1710
John Dal Corobbo,1719
Jess Daley,96
Joe Daley,1756
Patrick Damron,1075
Matt Daniel,932
Paul Danielson,3902
Stephen Dartnall,3519
Keenan Davidse,4086
Matt Davidson,1356
Guillermo Davila,5257
Gary Day,1690
Riaan De Bruyn,4087
Leigh Deagan,4088
Brad Dean,3940
Geoffrey Dean,1192
Stuart Deane,1630
Barry Dear,946
Chip Deason,2125
Charleton Dechert,1251
Bryan DeCorso,3603
Christopher Deforest,6008
Wayne Defrancesco,600
Paul Del Vecchio,1435
Graham Delaet,2127
Daniel DeLeon,1767
David Dell,1131
Ron Dellostritto,1559
Jay Delsing,101
Constant Demattia,1431
Todd Demsey,1796
David Denham,1410
Kevin DeNike,894
Danny Denison,1691
Clark Dennis,102
Robert-Jan Derksen,1083
Michael Derminio,1647
Robert Deruntz,1244
Mike Deuel,4039
Paul Devenport,647
Chris Devlin,2140
David Diaz,1518
Luciano Diaz,4089
Keith Dicciani,4783
Paul Dickinson,103
Chris Dickson,655
Tobias Dier,923
Paul Dietsche,728
Ryan Dillon,104
Chris Dillow,3531
Martin Dive,4090
Brian Dixon,1218
David Dixon,524
Cameron Doan,4025
Frank Dobbs,742
Kyle Dobbs,2153
Stephen Dodd,1519
Trevor Dodds,106
Will Dodson,1374
Andrew Dodt,3639
Craig Doell,1340
Ian Doig,1570
Tom Dolby,910
Mike Donald,107
Jamie Donaldson,25369
Todd Doohan,941
Will Dottley,1746
Ed Dougherty,1106
Joe Dougherty,1619
Nick Dougherty,1019
John Douma,108
Billy Downes,470
Chris Downes,1107
Allen Doyle,3328
Martin Doyle,1520
Matt Doyle,1561
Bradley Dredge,865
Andrew Dresser,2171
James Drew,4019
John Drewery,656
Scott Drummond,1284
David Drysdale,1453
Victor Dubuisson,5402
Eric Dugas,3941
Frank Dully,1731
Doug Dunakey,111
Brian Duncan,4023
Scott Dunlap,112
Tim Dunlavey,113
Dan Dupuis,927
Kevin Durkin,739
Patrick Duty,988
Doug Dvorak,3741
Paul Eales,888
Paul Earnest,116
Austin Eaton III,1387
Chris Eaves,967
Rafael Echenique,4386
Pelle Edberg,3461
Reid Edstrom,3742
David Edwards,118
Joel Edwards,117
Simon Edwards,26553
Kent Eger,4022
Eric Egloff,119
Dave Eichelberger,1188
Brad Elder,120
Mathias Eliasson,875
Peter Ellebye,4710
Bobby Elliott,1747
Jamie Elliott,783
John Elliott,1252
Danny Ellis,122
Jamie Elson,3822
Gary Emerson,876
Larry Emery,602
Chris Endres,124
John Engler Jr.,684
Sean English,1323
Greg Enholm,737
Chris Epperson,5813
David Erdy,4661
Klas Eriksson,1285
Martin Erlandsson,1303
Josh Esler,3848
Cristian Espinoza,4091
Efren Serna Espinoza,4037
Frank Esposito Jr.,3942
Jim Estes,3943
Adam Scott,24502
Barry Evans,911
Gary Evans,866
Mike Evans,899
Neil Evans,1312
Mark Evenson,1324
Hunter Haas,24604
Brad Fabel,126
Nick Faldo,127
Todd Fanning,648
Sean Farren,912
Marc Farry,867
Matt Fast,5400
Niclas Fasth,526
Daryl Fathauer,3576
Derek Fathauer,3577
Ryan Fauchier,1071
David Faught,1253
Dean Wilson,12602
Gonzalo Fdez-Castano,1455
Rick Fehr,129
Kim Felton,1286
Jack Ferenz,952
Michael Fergin,130
Keith Fergus,131
Ben Ferguson,132
Frank Ferguson,788
Gustavo Fernandez,4093
Patricio Fernandez,4094
Ricardo Fernandez,4095
Derik Ferreira,4096
Kenneth Ferrie,21461
Darren Fichardt,868
Jon Fiedler,998
Gene Fieger,133
Fernando Figueroa,3786
Luis Figueroa,4097
Tony Finau,2230
Richard Finch,1456
Ed Fiori,134
Joe Ogilvie,21949
Oliver Fisher,4274
Trevor Fisher Jr.,2234
Jason Fitchett,837
Nick Flanagan,1216
Tim Fleming,603
Jhonattan Vegas,27064
Gavin Flint,1511
Kyle Flinton,3944
Oscar Floren,1521
Kyle Stanley,30110
Raymond Floyd,137
Robert Floyd,955
Michael Flynn,1039
Bob Ford,139
Doug Ford,138
Raul Ford,4098
Robert Ford,4026
Cristian Fornes,4099
Dan Forsman,140
Alastair Forsyth,1086
Keven Fortin-Simard,5028
Mark Foster,1087
Michael Foster,4100
Brenton Fowler,4101
Peter Fowler,1114
Pat Perez,24361
George Frake II,141
Philip Francis,3286
Ronaldo Francisco,5021
Angel Franco,4041
Justin Leonard,10860
Will Frantz,143
Oscar Fraustro,3623
Adam Frayne,1693
Cody Freeman,831
Jeff Freeman,146
Bob Friend,730
Steve Friesen,1198
Brad Fritch,4038
Brad Fritsch,147
Nathan Fritz,836
David Frost,148
Edward Fryatt,149
Tadd Fujikawa,1649
Keiichiro Fukabori,150
Pierre Fulke,151
Nicolas Gaete,4102
Brian Gaffney,4735
Jeff Gallagher,154
Jim Gallagher Jr.,155
Juan Galli,4103
Kyle Gallo,1108
Clayton Gamber,4104
Rahil Gangjee,4981
Stephen Gangluff,157
Ian Garbutt,877
Federico Garcia,3624
Scott Gardiner,3236
Buddy Gardner,846
Rob Garland,4646
Brice Garnett,2283
Ignacio Garrido,1088
Jim Garrison,1580
Ryan Garrity,3578
Dustin Garza,5535
Phillippe Gasnier,2288
Robert Gates,4590
Daniel Gaunt,4706
Robert Gaus,3514
Josh Geary,3640
Brent Geiberger,160
Andrew George,1115
Larry George,1623
Kyle German,4742
Nicolas Geyger,4105
Kevin Giancola,161
Judd Gibb,5551
John Gibson,1026
Kelly Gibson,162
Scott Gibson,1413
Brendan Gielow,5658
Nate Gilchrist,1721
Matthew Giles,4779
Mike Gill,759
Derek Gillespie,662
Nick Gilliam,480
Mike Gilmore,913
Marc Girouard,1345
Bill Glasson,163
Todd Gleaton,968
David Gleeson,1462
Tom Gleeton,1330
Don Gliha,821
Tom Glissmeyer,1050
Jeff Gniewek,604
John Godwin,1021
Matt Gogel,164
George Goich,1732
Aaron Goldberg,3995
Brad Golden,4009
Jeff Golden,3315
Phil Golding,1089
Jaime Gomez,960
Rafael Gomez,902
Jean Baptiste Gonnet,3823
Chris Gonzales,166
Anibal Gonzalez,4106
Ernie Gonzalez,527
Oswaldo Gonzalez,4107
Ricardo Gonzalez,869
Shaun Goodwin,1627
Jim Gormley,1599
Marco Gortana,169
David Gossett,170
Steve Gotsche,1051
Paul Gow,172
Estanislao Goya,4244
Tano Goya,4571
Branden Grace,4383
Wayne Grady,789
Wesley Graham,4005
Matias Gramajo,4108
Daniel Grannan Jr.,174
Chris Gray,4027
Frank Graziosa,1332
Jimmy Green,176
Ken Green,175
Richard Green,20569
Chris Greenwood,685
Greg Gregory,679
Darren Griff,1740
Lanto Griffin,5962
Quinn Griffing,1325
David Griffiths,1315
Matthew Griffiths,530
Uly Grisette,1333
Mike Grob,942
Gary Groh,833
Adam Groom,1463
Stephan Gross,4689
Kelly Grunewald,178
Andrew Gruss,3795
Estanislao Guerrero,5222
Bret Guetz,1052
Brian Guetz,1741
Philippe Guidi,4109
Natalie Gulbis,5014
Scott Gump,180
Peter Gustafsson,1464
Joe Gutterman,950
Robert Gwin,5027
Jay Haas,181
Jerry Haas,818
Mark Haastrup,5552
Josh Habig,1742
Don Hachey,657
Kevin Haefner,885
Joakim Haeggman,1255
James Hahn,5025
Shun Yat Jason Hak,4110
Steven Hakes,1365
Damian Hale,1017
Kevin Hall,1543
Matthew Hall,183
Tyler Hall,1562
Dan Halldorson,531
Todd Halpen,1737
Jarett Hamamoto,5031
Donnie Hammond,185
Travis Hampshire,3802
Chang-won Han,5314
Matt Hansen,1593
Tom Harding,1141
Brian Harman,1225
Matt Harmon,3384
Mike Harmon,1226
Kevin Harper,3463
Mark Harrell,3316
Scott Harrington,1210
John Harris,187
Michael Harris,1158
Richard Harris,4112
Buddy Harston,914
Dudley Hart,188
Jeff Hart,189
Andreas Hartoe,6010
Jason Hartwick,1237
Billy Harvey,969
Jay Don Blake,41
Robert Garrigus,24358
Adam Bland,1688
Rich Bland,1441
Bill Haas,24924
Kevin Blanton,42
Ryan Blaum,1935
Bob Blean,1006
Jonas Blixt,3856
Rohan Blizard,3818
Michael Block,3312
John Bloomfield,5282
Chris Blum,43
Adam Blyth,3819
Scott Bogle,1163
Douglas Bohn,44
Robert Boisvert,1635
Charles Bolling,45
David Bolton,930
Brett Boner,682
Ray Boone,46
Matthew Borchert,3707
Jeffrey Bors,3781
Andre Bossert,1514
Desvonde Botes,1349
Chris Botsford,1272
Ben Boudreau,5582
Marc Bourgeois,1339
Casey Bourque,1248
Steve Bowman,675
Bob Boyd,48
Gary Boyd,31640
Michael Boyd,1760
Bob Boyle,827
George Bradford,1269
Rob Bradley,50
David Bradshaw,3538
Paul Bradshaw,1300
Steve Brady,594
Gordon Brand Jr.,505
Jimmy Brandt,5822
Sebastian Branger,751
David Branham,1298
Tony Branham,51
Leigh Brannan,52
David Branshaw,1174
Scott Brauer,893
Jeff Brehaut,53
Ryan Brehm,1548
Gay Brewer,54
Markus Brier,20945
Danny Briggs,595
Jaxon Brigman,677
Adan Brilz,4072
Cortney Brisson,1048
Eric Brito,898
Bill Britton,1104
Paul Broadhurst,1280
CJ Brock,491
Josh Brock,4635
Brian Brodell,4721
Tam Bronkey,55
Lars Brovold,1515
Billy Ray Brown,57
Brandon Brown,4016
Charlie Brown,1316
Christopher Brown,5465
Derek Brown,1407
Mark Brown,4033
Scott Brown,4591
Ted Brown,3798
Olin Browne,58
George Bryan,
Bart Bryant,59
Brad Bryant,507
Dan Buchner,1982
Andrew Buckle,1281
Pedro Bueno,4073
Victor Bueno,4074
Jace Bugg,60
Jason Buha,973
J.B. Bump,1709
John Bungert,1213
Dave Bunker,5583
Ben Bunny,1689
Kelvin Burgin,3285
Bronson Burgoon,1626
Cam Burke,4741
James Burke,1730
Bob Burns,61
George Burns,722
Gordon Burns,936
Jeff Burns,62
Steve Burns,1211
Keith Burt,1603
Jerry Burton,680
Kevin Burton,1145
John Bushka,1675
Rodney Butcher,63
Andrew Butterfield,1445
Bob Byman,884
Curt Byrum,509
Tom Byrum,64
Cristian Caballero,4075
GW Cable,1193
Federico Cabrera,4690
Rafael Cabrera Bello,4321
Angel Cabrera Jr,4076
Brian Cairns,597
Jonathan Caldwell,4077
Rex Caldwell,1105
Matthew Call,3479
Stuart Callan,510
Chris Campbell,1516
Lloyd Campbell,1301
Peter Campbell,3614
Jorge Campillo,4691
Todd Camplin,5961
Rafael Campos,3683
Ariel Canete,1446
Matt Cannon,683
Emanuele Canonica,69
Laurie Canter,5550
Tim Cantwell Jr.,1718
Mike Capone,752
Mike Carbone,1735
Juan Cardenas,4078
Kevin Carll,1355
Juan Carlos,4032
Magnus Carlsson,70
Brett Carmen,672
Mark Carnevale,511
Domingo Caro,4079
Tony Carolan,644
Jason Caron,802
Alex Carpenter,5899
David Carr,1249
Clodomiro Carranza,1044
Brian Carroll,3815
Tom Carter,1068
Jorge Carvacho,4080
Gregory Casagranda,1363
Felix Casas,820
Ben Case,1036
Scott Cashell,4782
Billy Casper,73
Nick Cassini,688
Ron Castillo,974
Ron Castillo Jr.,4028
Roberto Castro,3740
Martin Catalioto,4696
Santiago Cavanagh,3678
Marc Cayeux,1556
Christian Cevaer,1282
Charles Challen,1113
Brandel Chamblee,75
Lorens Chan,4044
Dinesh Chand,513
Han Chang-won,5287
Roger Chapman,514
Bob Charles,515
Dan Chartrand,1403
Garrett Chaussard,3782
Barry Cheesman,76
Jonathan Cheetham,1302
Neil Cheetham,516
Jimmy Chestnut,1546
Danny Chia,1517
David Chin,1751
John Chin,5567
Alex Ching,3610
Scott Chipokas,1508
Jay Choe,1592
Andy Choi,3221
Jay Choi,3783
S.S.P. Chowrasia,3680
Dave Christensen,661
Michael Christensen,598
Gary Christian,2044
Eric Chun,5527
David Chung,5903
David Church,1232
Jim Cichra,1169
Victor Ciesielski,1739
Brian Claar,79
Bobby Clampett,964
Gary Clark,4323
Michael Clark II,80
Darren Clarke,19825
Jaime Clavijo,4081
Paul Claxton,692
Rocky Cleland,5740
Kelsey Cline,784
Brandon Cobb,1166
Ryan Cobb,4012
Roberto Coceres,1404
Tomas Cocha,5878
Bobby Cochran,86
Russ Cochran,85
Bobby Cole,517
Gavin Coles,975
Robert Coles,518
Bobby Collins,3784
Steve Collins,1574
Wil Collins,1408
Andrew Coltart,485
Michael Combs,645
Carlos Concha,5568
Chris Condello,3313
John Connelly,1250
Steven Conran,1409
Brian Conser,599
Hugo Contreras,4083
Steve Conway,1766
Charles Coody,88
Javier Cordova,5885
Lee Corfield,30964
Larry Correa,731
Matthew Cort,521
Cesar Costilla,3617
Jeff Coston,1224
Keoke Cotner,715
David Coupland,3459
Vince Covello,4085
Jordan Cox,3785
Kris Cox,678
Andy Crain,776
Casey Crain,5818
Jeffrey Cranford,93
Rich Crim,1081
Burke Cromer,773
Rett Crowder,1172
Josh Cunliffe,3821
Rod Curl,95
John Paul Curley,793
Kevin Chappell,32366
Shigeki Maruyama,
Patrick Cantlay,35450
Kris Blanks,28087
WC Liang,24748
Jesper Parnevik,
Chris Kirk,30926
Jeff Klauk,
Steve Marino,28158
Michio Matsumura,
Justin Rose,22405
Joe Affrunti,
Derek Lamely,
Jason Gore,
Tag Ridings,23497
Mark Calcavecchia,1161
Kevin Sutherland,
Peter Tomasulo,
Chad Collins,
Scott McCarron,10585
Anthony Paolucci,
Richard S. Johnson,
Jamie Lovemark,
Frank Lickliter II,
Tom Lehman,1677
Jeff Maggert,
Troy Kelly,
Brett Wetterich,
John Merrick,27933
Brett Quigley,
Matt Every,
Tom Pernice Jr.
George McNeill,24490
John Cook,
Jeff Quinney,
Cameron Percy,
Jose Manuel Lara,
Steve Lowery,
Mark Hensby,
Alejandro Canizares,26500
Spencer Levin,27466
Craig Barlow,
Jonathan Kaye,
Robert Gamez,
Will MacKenzie,
Chris Tidland,12714
Charles Warren
Josh Broadaway
Nick Price
J.P. Hayes
Marco Dawson
Steve Pate
Julian Etulain
Sal Spallone
Dicky Pride
Omar Uresti
Greg Kraft
Dave Schultz
Will Claxton
Daniel Chopra
Robert Damron
Skip Kendall
Bob Estes,1320
Mathew Goggin,
John Mallinger,
Jordan Spieth,
Garth Mulroy,
Ted Purdy,
Drew Weaver,
Mike Small,
Nicholas Thompson,
Michael Letzig,
James Nitties,
Henrik Bjornstad,
Roger Tambellini,
Matt Weibring,
Cliff Kresge,
Ken Duke,
Martin Flores,
Carlos Franco,
Mathias Gronberg,
Mark Brooks,1132
Vance Veazey,
David Lutterus,
Jeev Milkha Singh,
Brian Stuard,
Andrew McLardy,
Brent Delahoussaye,
Eric Axley,
Jeff Gove,
Steve Wheatcroft,
Kevin Johnson,
Rickie Fowler,32102
Jim Gallagher Jr.
John Huston,
Glen Day,
Brenden Pappas,
Rob Grube,
Charles Howell III,21961
Brock Mackenzie,
Troy Matteson,27120
Bob Heintz,
Paul Azinger,
Jonathan Bartlett,
Steve Allan,
Todd Fischer,
Len Mattiace,
Ben Fox,
Guy Boros,
Seung-su Han,
Rich Barcelo,
Jim Carter,
Matt Hill,
Willie Wood,
Robin Freeman,
Oliver Wilson,
Katsumasa Miyamoto,
Ross McGowan,
Marcus Fraser,
James Kingston,
Hennie Otto,
Gregory Bourdy,26525
David Horsey,30909
Simon Dyson,24512
Rhys Davies,30924
Soren Hansen,
Simon Khan,24597
Michael Jonzon,
Jerry Richardson Jr.
Greg Owen,
Warren Schutte,
Danny Wax,
Alex Hamilton,
Michael O'Neal,
Justin Bolli,
Tommy Aaron,1
Jamie Abbott,5549
Matt Abbott,497
Scott Abbott,1792
Derek Abel,1790
John Aber,588
Warren Abery,1578
Pablo Abumohor,4055
Bob Ackerman,904
Joe Acosta Jr.,1003
Pablo Acuna,3619
D.A. Points,25240
Adam Adams,3325
Vijay Singh,6567
John Adams,843
Mitch Adcock,1809
Alfredo Adrian,5019
Charlie Wi,20160
Felipe Aguilar,4240
Tony Aguilar,1433
Jaco Ahlers,4632
Antti Ahokas,4242
Thomas Aiken,24461
Richard Ainley,907
Raul Albarracin,4056
Ariel Alcaraz,4057
Tyler Aldridge,1813
Carl Alexander,798
Lonny Alexander,1227
Tyson Alexander,4633
Steven Alker,660
Kevin Na,25396
Ken Allard,1138
Fulton Allem,3
Jason Allen,3310
Gary Woodland,31323
Jason Allred,1008
Oscar Alvarez,1246
Max Alveiro,3686
Max Alverio,4243
Colin Amaral,6
Gabriel Ambrosini,4058
Jeff Amershadian,1615
Bo Van Pelt,23623
William Amundsen,3512
Byeong-Hun An,5285
Billy Anderson,1827
JC Anderson,781
Jeremy Anderson,9
Josh Anderson,4051
Mark Anderson,1830
Stuart Anderson,1569
Fredrik Andersson-Hed,20367
David Hearn,26758
Darren Angel,3600
Kiradech Aphibarnrat,5771
Peter Appleyard,3817
Alex Aragon,1581
Jose Aranda,4059
Tomas Aravena,4060
Philip Archer,1437
Ryan Armour,1750
Tommy Armour III,12
Ty Armstrong,1230
Michael Arnaud,4412
Jamie Arnold,4217
Sam Arnold,1726
Perry Arthur,13
Anthony Arvidson,1045
Tony Arvold,1078
Rami Asayag,4061
Lewis Atkinson,1299
Emlyn Aubrey,589
Phil Auerbach,4062
Mike Austin,1318
Scott Stallings,30692
Greg Avant,719
Clint Avret,1611
Chris Riley,20127
Dirk Ayers,1344
Mauricio Azcue,4229
Trevor Immelman,22378
Ryan Baca,1643
Ted Bach,642
Sang-moon Bae,24701
Cliff Bailey,17
Todd Bailey,5814
Graham Baillargeon,4740
Ross Bain,3458
Scott Baines,1678
K.J. Choi,24357
Chris Baker,4628
Mike Baker,1321
Peter Baker,873
Shawn Baker,1427
Ian Baker-Finch,19
Chase Baldwin,5749
Alexandre Balicki,499
Daniel Balin,5670
Seve Ballesteros,20
Aaron Barber,643
Daniel Barbetti,1877
Michael Barbosa,6006
Rafael Barcellos,5020
Webb Simpson,29221
Justin Bardgett,5884
Andy Bare,1644
Benn Barham,874
Mickey Barker,1406
Brian Gay,19846
Jeff Barlow,22
Andrew Barnes,1009
Kurt Barnes,25290
Dave Barr,500
Bryce Molder,23800
Todd Barranger,23
Andy Barrett,1317
Doug Barron,24
D.J. Trahan,23788
Louis Bartoletti,1607
Ricky Barnes,24846
Ahmad Bateman,1395
Brian Bateman,690
Ben Bates,25
Pat Bates,691
Doug Batty,4634
Doug Bauman,1430
Peter Baxter,749
Brendon de Jonge,23638
Chris Stroud,27963
Vaughn Taylor,23325
J.J. Henry,23353
Nick Watney,27095
Craig Parry,337
Greg Chalmers,20593
Paul Goydos,6643
Jordan Payne,5741
Jeff Peck,2842
Steve Pellegrine,1764
Travis Perkins,2852
Jason Perry,4175
Magnus Persson,886
Suzann Pettersen,5016
Billy Hurley III,29222
Jason Schultz,1585
Tino Schuster,1533
Zane Scotland,4401
Steve Scott,387
Seng Van Seiha,4192
Peter Senior,1329
Muhammad Shabbir,5023
Paul Sheehan,1294
Tyson Shinaut,5399
Steve Shriver,736
Sean O'Hair,24140
Jimmy Walker,25632
Joel Sjoholm,4214
Lee Slattery,1498
Greg Twiggs,581
Brett Upper,437
Stan Utley,477
Jean Van De Velde,439
Pieter Van Zyl,4205
Ken Vanko,478
Bruce Vaughan,1705
Manuel Villegas,4050
John Wade,1538
Alan Wagner,4246
Simon Wakefield,1706
Erik Compton,24494
Chris Wall,447
Euan Walters,1361
Arjun Atwal,21407
Matt Jones,26300
Alex Prugh,30946
Jim Furyk,10809
Steven Bowditch,25274
Billy Horschel,29420
Marc Leishman,26851
Scott Jamieson,56101
Peter Uihlein,29484
Michael Thompson,32150
Jeff Overton,28475
Kent Jones,10733
Brian Davis,21753
Charley Hoffman,12716
Geoff Ogilvy,22046
Harrison Frazar,21805
David Mathis,22961
Andres Romero,25562
Tim Herron,12782
Kevin Streelman,27214
Mike Weir,10423
Johnson Wagner,26951
Robert Allenby,10885
Chris DiMarco,6251
Joe Durant,6621
Tommy Gainey,30750
Jason Dufner,25686
Michael Putnam,28486
Stuart Appleby,20098
Stephen Ames,6004
Ryuji Imada,21350
Roland Thatcher,26287
Tom Gillis,8725
William McGirt,31202
Chez Reavie,26476
Nick O'Hern,22348
Hunter Mahan,24781
Ryan Moore,26596
Josh Teater,27330
Bobby Gates,32698
J.B. Holmes,27141
Shaun Micheel,6515
Chris Couch,11123
Kevin Stadler,26679
Carl Pettersson,25345
Anthony Kim,29718
Cameron Beckman,12652
Garrett Willis,20436
Tim Petrovic,1948
Steve Flesch,7457
Michael Sim,26882
Zack Miller,31401
Blake Adams,29910
Mark Wilson,21878
Keegan Bradley,33141
Bill Lunde,23548
Matt Bettencourt,20070
Michael Connell,23673
Troy Merritt,32640
Notah Begay III,20029
Camilo Villegas,27770
Ben Curtis,22621
Rod Pampling,20572
Joseph Bramlett,34255
Boo Weekley,26289
Cameron Tringale,33419
Steve Haskins,805
Morris Hatalsky,533
Terry Hatch,534
Tyrrell Hatton,5553
Brad Hauer,1353
Butch Haverland,1681
Kevin Hayashi,695
Ben Hayes,1650
Mark Hayes,716
Thomas Haylock,4711
Matthew Hazelden,1287
James Healey,991
Rick Heath,1082
Bradley Heaven,1275
Benjamin Hebert,3824
Scott Hebert,3383
Peter Hedblom,1288
Mike Heinen,193
Chris Heintz,1200
Royden Heirakuji,986
Ryan Helminen,1542
Randy Helton,1239
Jimmy Henderson,3787
Michael Henderson,746
Mike Henderson,1238
Scott Henderson,535
Matt Hendrix,1270
Nolan Henke,194
Kip Henley,828
Russell Henley,5409
Brian Henninger,195
Diego Herrera,4113
Eduardo Herrera,697
Ramon Herrero,4114
Rob Hessing,1402
Scott Heyn,1206
Joey Hickman,1639
Luke Hickmott,3653
John Hickson,1566
Ryan Hietala,1594
David Higgins,3464
Jason Hill,698
Greg Hiller,1053
Thomas Hines,699
Lon Hinkle,200
Craig Hinton,57001
Tetsuji Hiratsuka,23580
Gabriel Hjertstedt,201
Glen Hnatiuk,202
S.K. Ho,1091
Tim Hobby,203
Scott Hoch,204
Michael Hoey,536
Ben Hoffhine,1069
Tim Hogarth,1761
Ryan Hogue,992
Steve Holmes,2432
Paul Holtby,206
Charles Hong,797
S.S. Hong,4021
P.H. Horgan III,1429
Hidemasa Hoshino,1289
Kazuhiko Hosokawa,207
Beau Hossler,6011
Kyle Hougham,896
Jamie Howarth,3826
Ryan Howison,1774
David Howser,740
Jason Hrynkiw,5886
Keith Huber,1540
Tim Huber,1369
Bobby Hudson,6002
Bradley Hughes,209
Reed Hughes,1393
Jean Hugo,538
Mike Hulbert,210
Jeppe Huldahl,4286
Brian Hull,211
Jeff Hull,3739
Anders Hultman,1571
Barry Hume,1304
Steve Hummel,1557
Cary Hungate,1326
Travis Hurst,1652
Shaaban Hussin,5267
Bobby Hutcherson,5466
Randall Hutchison,4784
David Hutsell,790
Jung-gon Hwang,34554
Michael Hyland,949
Joey Iaciofano,1563
Tatsuhiko Ichihara,1695
Yuji Igarashi,4825
Bradley Iles,3602
Mikko Ilonen,213
Daniel Im,3813
Katsumune Imai,605
Yasuharu Imano,976
Stu Ingraham,944
Juli Inkster,5544
John Inman,970
Tom Iredell,1388
Hale Irwin,216
Steve Irwin,6012
Tripp Isenhour,217
David Ishii,218
Steve Isley,1794
Hiroshi Iwata,3827
Toshi Izawa,219
Andres Jabalquinto,4115
Billy Jack,5823
Tony Jacklin,539
David Jackson,220
Tim Jackson,767
Hal Jacobs,1608
John Jacobs,1147
Peter Jacobsen,221
Raphael Jacquelin,20832
Barry Jaeckel,542
Thongchai Jaidee,24511
Barrett Jarosch,5032
Shawn Jasper,5819
Clinton Jensen,1341
Milton Jeria,4117
Rodrigo Jeria,4118
Marty Jertson,5769
Vince Jewell,1636
Manuel Jimenez,4119
Per-Ulrik Johansson,226
Andrew Johnson,1775
Chip Johnson,1550
Jamie Johnson,1632
Jim Johnson,227
Mark Johnson,230
Mike Johnson,3850
Richard Johnson,903
Rob Johnson,1159
Scott Johnson,231
Tom Johnson,1752
Vincent Johnson,4215
Andrew Johnston,34242
Cameron Johnston,4120
Mike Johnston,3849
Philip Jonas,929
Brendan Jones,23725
Nickolas Jones,1415
Ross Jones,4121
Steve Jones,232
Pete Jordan,234
Randy Joyner,1397
Jeff Julian,235
Pariya Junhasavasdikul,5772
Steve Jurgensen,236
Erick Justesen,4014
Shintaro Kai,3828
Bobby Kalinowski,237
Tom Kalinowski,1377
Chris Kamin,1378
Takashi Kamiyama,1290
James Kamte,4261
Craig Kanada,238
Jim Kane,1728
Anthony Kang,239
Seung-kyun Kang,4122
Sung-hoon Kang,4449
Wu Kang-chun,5777
John Kaposta,4123
Shiv Kapur,1583
Charles Kares,4124
Richie Karl,543
Richard Karlberg,5349
Olle Karlsson,545
Peter Karmis,3806
Hideki Kase,1357
Shingo Katayama,240
Jeremy Kavanagh,4636
Craig Kealey,1560
Thomas Kearney,4738
Alpheus Kelapile,4125
Bill Keller,926
Ken Kelley,1228
Tony Kelley,242
John M. Kelly,1781
Shawn Kelly,244
Kevin Kemp,606
Brad Kennedy,23802
Jeff Kern,246
Cristie Kerr,5015
Tanner Kesterson,5680
Darrell Kestner,608
Mike Keymont,5299
Somsak Khaopratoom,4126
J.J. Killeen,3609
Todd Killingsworth,4127
Dae-hyun Kim,4497
Kenny Kim,3613
Kil-Nam Kim,4128
Corbin King,1785
Danny King,1738
Kevin King,1787
Michael Kirk,472
Drew Kittleson,4414
Taichiro Kiyota,807
Soren Kjeldsen,547
Clark Klaasen,4637
Brad Klapprott,249
John Klauk,956
Joseph Klinchock,915
Thanyakorn Klongpa,4129
Brandon Knaub,1271
Kenny Knox,849
Russell Knox,4483
Jason Knutzon,25234
Mathew Kodama,3615
Matthew Kohn,4006
J.T. Kohut,3677
Jason Kokrak,3317
Tomohiro Kondo,700
Brian Kontak,251
Brandan Kop,252
Brian Kortan,1180
John Koskinen,1653
Jay Kragh,750
Ron Kramer,254
Joel Kribel,256
Aaron Krueger,4707
T.J. Kua,5202
Hank Kuehne,791
Trip Kuehne,1056
Erich Kuhlman,1142
Rick Kulacz,26965
Mike Kullberg,258
Chad Kurmel,1773
Katsunori Kuwabara,977
Steve Kwon,725
Bronson La'Cassie,3447
Parker LaBarge,4822
Juan Labbe,4130
Doug LaBelle II,1057
Rob Labritz,259
Brandon LaCroix,965
Doug LaCrosse,670
Jason Laing,1231
Chih-Bing Lam,25768
Steven Lam,4131
Brad Lamb,3520
Brian Lamb,1035
Michael Lambert,4132
Steve Lamontagne,4409
Neal Lancaster,260
Todd Lancaster,4785
Scott Lander,687
Eric Landreville,3853
Barry Lane,548
Bernhard Langer,1666
Franklin Langham,262
Scott Langley,5506
Jeffrey Lankford,263
Brad Lardon,701
Carlos Larrain,825
Alejandro Larrazabal,851
Pablo Larrazabal,29670
Kevin Larsen,3769
Dean Larsson,1398
Nate Lashley,1600
Mark Laskey,30916
Bau Lau,4133
Mike Laudien,264
Seath Lauer,5766
Mike Lavery,1203
Mike Lawrence,1788
Nicholas Lawrence,924
Paul Lawrie,19904
Peter Lawrie,1474
Peter Laws,1160
Brandon Lawson,4134
Scott Laycock,787
Adam Le Vesconte,1117
Stephen Leaney,549
John Ray Leary,1004
Grant Leaver,5026
David Lebeck,1199
Steve LeBrun,1381
Doyle Ledbetter,1711
Brett Lederer,3959
Beon Yeong Lee,5584
D.H. Lee,3608
Danny Lee,3950
Daren Lee,550
David Lee,266
Dong-hwan Lee,3467
Eddy Lee,735
Han Lee,741
Jason Lee,834
Lucas Lee,4135
Regan Lee,987
Richard H. Lee,3318
Richard T. Lee,4036
Seung Ho Lee,5824
Steve Lee,6013
Won Joon Lee,2594
Ian Leggatt,267
Rick Leibovich,723
Gary Leigh,953
Niklas Lemke,3374
Jim Lemon,1167
Cristian Leon,4136
Horacio Leon,4137
Hugo Leon,4138
Tyler Leon,3440
Hugo Leon Sr,4139
Monty Leong,717
John Lepak,2601
James Lepp,937
Wayne Levi,270
J.L. Lewis,271
Scott Lewis,4662
Tom Lewis,25016
Chao Li,4427
Jonathan Lie,4140
John Lieber,273
Bruce Lietzke,274
Craig Lile,1753
Simon Lilly,26327
Jose Filipe Lima,1417
Wen-Tang Lin,4232
David Lingmerth,5574
William Link IV,473
Eric Lippert,275
Luke List,1059
Euan Little,1118
Sam Little,1476
John Little II,5450
Roy Livingston,481
Darryn Lloyd,4141
Edward Loar,276
Paul LoCicero,1079
Gary Lockerbie,1696
Bill Loeffler,610
Bob Lohr,552
Jonathan Lomas,1418
Peter Lonard,277
David Long,3754
Michael Long,702
Travis Long,1551
Gerardo Loroima,4142
Andrew Loupe,5951
James Love,1743
Matthew Loving,1240
Courtland Lowe,4052
Mitch Lowe,279
Dino Lucchesi,474
Jean-Francois Lucquin,1477
Nick Ludwell,1697
Joost Luiten,28300
Santiago Luna,3667
David Lundstrom,1027
John Lynch,1023
David Lynn,1092
Bryant MacKellar,1234
Malcolm MacKenzie,852
Bryden Macpherson,33927
Bobby MacWhinnie,4630
Brian Madison,1401
Steve Madsen,681
Kazuhiro Maeda,4143
Kris Maffet,753
Andrew Magee,282
John Maginnes,284
John Mahaffey,3333
Landry Mahan,785
Barry Mahlberg,916
Scott Mahlberg,285
Korey Mahoney,1683
Gregor Main,4053
Cristian Maldonado,4144
Nick Malinowski,2651
Mike Malizia,889
Curtis Malm,1684
Roger Maltbie,286
Mardan Mamat,1522
Mark Maness,1073
Eric Manning,1512
Major Manning,4020
Ross Marcano,1759
Gary March,839
David Marchand,1032
Abe Mariano,1754
Chris Marin,5759
Martin Maritz,22724
Prayad Marksaeng,22080
Braxton Marquez,5261
Kevin Marsh,1620
Andrew Marshall,1523
Gibby Martens,961
Brad Martin,3945
Casey Martin,288
Jeff Martin,1335
Mike Martin,1133
Pablo Martin,1768
George Marucci Jr,4806
Ricardo Mascaretti,4146
Emmanuel Masoliedze,4147
James Mason,290
John Mason,999
Juan Massai,4148
Richard Massey,663
Brett Massingham,732
Gustavo Mastrella,4149
Nobuhiro Masuda,3319
Jonathan Mathias,1358
Hiroshi Matsuo,1061
Andy Matthews,3320
Llewellyn Matthews,3469
Kiernan Mattson,293
Bob May,295
Gareth Maybin,4268
Paul Mayoh,879
John Mazza,611
Matthew McBain,4150
Blaine McCallister,297
Maxwell McCardle,4151
Dan McCarthy,2683
Sean McCarty,1062
Ben McClung,4152
Brent McCullough,4153
Josh McCumber,1420
Mark McCumber,299
Bill McDonald,1795
Bruce McDonald,1640
Ken McDonald,958
Matt McDougall,300
Matthew McDougall,4024
Brian McElhinney,1291
Richard McEvoy,25948
Paul McGinley,486
Pat McGowan,853
Damien McGrane,3831
Bob McGrath,3515
Doug McGuigan,1525
Matthew McGuire,553
Francis McGuirk,57002
Billy McKay,1549
David McKenzie,1584
Parker McLachlin,1259
Alan McLean,1481
James McLean,4040
John Mclean,4154
Jon McLean,2706
Eamonn McLoughlin,4247
Jay McLuen,2708
Jedd McLuen,492
Rob McMillan,658
Robert McMillan,2709
Mike McNerney,1076
Mark McNulty,487
Jason McPherson,612
Spike McRoy,304
Charlie Meade,1020
Fernando Mechereffe,2716
Scott Medlin,4615
Adam Mednick,880
Mike Meehan,306
Aaron Meeks,840
Prom Meesawat,24039
Eric Meichtry,1421
Eric Meierdierks,4955
Eduardo Melendez,4155
Marcus Meloan,1001
Brett Melton,1273
Denis Meneghini,4156
Charles Meola,1137
Kevin Messer,5887
Adam Meyer,1347
Greg Meyer,1189
Mike Mezei,938
Mark Mielke,613
Daniel Miernicki,5569
Tom Miler,614
Mike Miles,2725
Anthony Millar,1305
Matthew Millar,24077
Andy Miller,309
Brian Miller,1757
Lindy Miller,1399
Mark Miller,1034
Scott Miller,1591
Chris Ming,1576
Eduardo Miquel,4157
Daniel Mitchell,3737
Stiles Mitchell,1641
Kelly Mitchum,1024
Hirofumi Miyase,488
Kiyoshi Miyazato,854
Yusaku Miyazato,978
Yoshinori Mizumaki,311
Matt Mocniak,748
Kris Moe,726
Richard Moir,1526
Mauricio Molina,2743
Angel Monguzzi,4158
Colin Montgomerie,313
Jonathan Moore,1654
Patrick Moore,971
Will Moore,1074
Eric Morales,5283
Wilfredo Morales,1028
Scott Moran,3804
Lucas Morande,4159
Luis Moreno,4160
Marcos Moreno,4161
Christian Morera,4162
John Morgan,4042
Colm Moriarty,4672
Alan Morin,917
David Morland IV,314
James Morrison,4566
Andy Morse,1215
John Morse,555
Rick Morton,315
Jarrod Moseley,890
Perry Moss,2764
Rob Moss,1552
Robert Moss,5665
Bob Mucha,1331
Michael Muehr,316
Kevin Muir,905
Brock Mulder,3456
Danny Mulhearn,1277
Fraser Mulholland,933
Grant Muller,1292
Kevin Muncrief,1181
Chris Mundorf,2769
Muhammad Munir,5022
C Muniyappa,4960
Rolf Muntz,1093
Artemio Murakami,3789
Mark Murless,4930
Gary Murphy,1094
Sean Murphy,317
Trevor Murphy,3727
Martin Muscarsel,4163
Madalitso Muthiya,1655
Toshinori Muto,1699
Patrick Nagle,1656
Matt Nagy,4639
Tommy Nakajima,891
Tatsuaki Nakamura,757
Chris Nallen,1208
Derek Nannen,1376
Jake Narro,778
Simon Nash,1080
Savio Nazareth,3955
Richard Syke Neal,4164
Jamie Neher,1337
John Nelson,4035
Kirk Nelson,980
Larry Nelson,1864
Musolo Nethunzwi,4165
Jack Newman,4415
Jerome NG,4166
The Vinh Nguyen,4167
Gary Nicklaus,321
Jack Nicklaus,320
Mike Nicolette,755
John Nieporte,4245
Chapchai Nirat,3681
Frank Nobilo,322
Seung-yul Noh,29289
David Noll,1219
Nicolas Noranbuena,4168
Greg Norman,323
Joe Norman,1713
Mike Norman,2801
Andy North,1716
Mike Northern,616
Brian Nosler,1375
Brett Nutt,324
Chris O'Connell,617
Mac O'Grady,4043
John O'Leary,3516
Greg O'Mahony,5754
Peter O'Malley,556
Tim O'Neal,770
Dean O'Riley,4169
Pete Oakley,1528
Arron Oberholser,326
Koumei Oda,4713
Ryuichi Oda,5203
Toshi Odate,557
Clay Ogden,1621
David Ogrin,558
David Oh,1204
James Oh,2816
Ted Oh,4011
Keith Ohr,5664
Marten Olander,1119
Andy Oldcorn,559
Patrick Olive,3679
Brad Olsen,330
Dan Olsen,1182
Bill Olson,900
Eddie Olson,5770
Leif Olson,1260
Eric Onesi,5817
John Onions,4170
Rob Oppenheim,1733
Gonzalo Orfila,4171
Pedro Oriol,4546
Gary Orr,331
Maxmiliano Orueta,4172
Garrett Osborn,3594
Payton Osborn,1261
Jonathan Ota,704
Ryan Ouellette,1136
Jay Overton,666
Joe Ozaki,332
Sean Pacetti,727
Gareth Paddison,659
Juvic Pagunsan,1755
Anthony Painter,333
Arnold Palmer,334
Cheng Tsung Pan,6017
Deane Pappas,706
Troy Pare,1567
Scott Parel,810
David Park,881
Jae-Bum Park,5363
Myung Jun Park,1190
Unho Park,1700
Blake Parks,3567
Andrew Parr,3445
Chris Parra,1638
Darren Parris,1701
Bryn Parry,640
Steven Parry,3478
Tim Parun,1201
Jim Paschal,338
Jerry Pate,1925
Zeb Patten,341
Brett Patterson,6018
Chris Patton,954
Dennis Paulson,342
Brian Payne,1544
Jim Payne,1702
Michael Pearson,795
Brad Peck,482
Cameron Peck,3951
Chris Peddicord,1390
Carlos Pedrozo,4173
Blaine Peffley,5030
David Peoples,345
Mike Perez,2851
Diego Perez de Arce,4174
Craig Perks,346
Tom Pernice Jr,347
Donn Perno,760
Chris Perry,348
Rod Perry,667
Wayne Perske,1703
Loren Personett,1241
Kyle Peterman,4640
Justin Peters,350
Matt Peterson,708
Philip Pettitt Jr.,3321
Mark Pfeil,561
Kevin Phelan,5500
Joe Phengsavath,981
Ron Philo Jr.,1148
Terry Pilkadaris,1491
Mark Pilkington,562
Scott Pinckney,6019
Warren Pineo,3282
David Ping,618
Gary Player,352
David Podas,1373
Dan Pohl,353
Joe Pollack,1547
Kevin PomArleau,1434
Del Ponchock,354
Vinnie Poncino,1602
Stephen Poole,3771
Don Pooley,355
Steve Pope,356
Bill Porter,918
Ewan Porter,3471
Lee Porter,357
Scott Porter,1149
Ben Portie,811
Ryan Posey,1657
Ted Potter Jr.,2883
Greg Powers,563
Andrew Pratt,1405
Kieran Pratt,4176
Jason Preeo,5501
Alistair Presnell,3676
Morgan Pressel,5545
Andrew Price,1509
Phillip Price,359
Rick Price,2886
Patrick Prince,1235
Chad Proehl,3816
Dean Prowse,620
Tom Prowse,4178
Marc Pucay,4330
Greg Puga,361
Craig Pullen,1791
Tom Purtzer,362
Jeff Puska,5585
Andrew Putnam,5502
Iain Pyman,1095
Brian Quackenbush,792
Michael Quagliano,3790
Angelo Que,3833
Alejandro Quiroz,934
Siddikur Rahman,5773
Andrew Raitt,1122
Todd Rakotz,621
Luis Ramirez,4179
Eric Ramsay,1529
Richie Ramsay,1782
Jyoti Randhawa,1096
Jonathan Randolph,5578
Sam Randolph,365
Graham Rankin,564
Rob Rashell,1360
Clayton Rask,5412
Charles Raulerson,366
Conrad Ray,1424
Jeff Reader,3982
Jake Redman,4180
Patrick Reed,5579
Stephen Reed,1625
Jake Reeves,493
Mike Regner,1776
Michael Reid,4029
Mike Reid,367
Kyle Reifers,1734
Mike Reilly,1070
Steven Reilly,1685
Rick Reinsberg,1063
Troy Reiser,368
Jean-Francois Remesy,870
Danny Renfro,5888
Jack Renner,565
John Restino,369
Greg Reynolds,1139
Clark Richardson,6003
Jerry Richardson Jr.,5681
John Riegger,370
Chris Rieve,371
George Riley,5889
Paul Riley,4181
Wayne Riley,566
Willis Ring,5419
Larry Rinker,373
Lee Rinker,1013
Dustin Risdon,2941
Miguel Rivera,1319
David Roberts,947
Loren Roberts,374
John Robertson,664
David Robinson,2945
Carlos Rodiles,1495
Jose de Jesus Rodriguez,3669
Miguel Rodriguez,2953
Mark Roe,568
David Roesch,838
Jason Roets,5890
Chris Rogers,3575
Jacob Rogers,3323
Jamie Rogers,1278
Tony Rohlik,989
Vincente Rojas,4182
Jody Rokisky,1670
Kevin Roman,4736
Eduardo Romero,375
Martin Rominger,1629
Jake Roos,3280
Clarence Rose,622
Todd Rose,812
Matt Rosenfeld,376
Billy Rosinia,1677
Chris Ross,5586
Todd Rossetti,1628
Jeff Roth,906
Brian Rowell,1631
Roger Rowland,1220
Jarrad Roxby,4183
Adam Rubinson,1171
J.R. Ruda,1371
Tim Ruddo,1671
Micah Rudosky,3517
Marco Ruiz,1123
Mike Ruiz,1351
Brett Rumford,570
Dave Rummells,571
Mark Rummings,1777
Adam Rushin,572
Raymond Russell,882
Terry Russell,1432
Santiago Russi,4184
Andrew Ruthkoski,1723
Jim Rutledge,939
Charlie Rymer,623
Curt Saathoff,1015
James Sacheck,5816
Akio Sadakata,983
Puriphat Saeghirun,4185
David Saka,5861
Jim Salinetti,475
Stan Sall,624
Elliot Saltman,4714
Lloyd Saltman,1531
Mike San Filippo,1609
David Sanchez,1714
Javier Sanchez,1391
Jeff Sanday,1005
Jarmo Sandelin,378
Andy Sanders,813
Curt Sanders,3701
Derek Sanders,1233
Doug Sanders,379
Mark Sanders,573
Bae Sang-Moon,24701
Julio Santos,5284
Ricardo Santos,4187
Tony Saraceno,2977
Brian Sasada,380
Achi Sato,3472
Nobuhito Sato,381
Gene Sauers,574
Kevin Savage,857
Reinier Saxton,3834
Michael Schachner,1679
Ken Schall,625
Wilhelm Schauman,1532
Mark Scheibach,841
Tom Scherrer,382
Marty Schiene,383
Troy Schleicher,786
Jeff Schmid,494
Phil Schmitt,1394
Jason Schmuhl,4213
Cory Schneider,3307
Ian Schneider,4188
Steve Schneiter,626
Brady Schnell,3446
David Schnider,1202
Jim Schouller Jr.,1267
Mike Schuchart,1150
Rick Schuller,627
Alan Schulte,1327
David Schultz,4929
Dirk Schultz,384
Bobby Schultze,1765
Ted Schulz,385
Anthony Schumacher,4189
Jim Schuman,483
Victor Schwamkrug,1229
Brent Schwarzrock,386
Cary Sciorra,1151
Drew Scott,3666
Grant Scott,4190
Kasey Scott,1143
Richard Scott,1161
Jacob Scriven,3854
Steve Sear,389
Andrew Searle,4191
Jeff Seavey,1155
Matt Seitz,3251
Kelly Sellers,3253
Kevin Senecal,3503
Matt Seppanen,1065
Oscar Serna,5536
Efren Serna-Jr,5537
Chris Sessler,1007
David Shacklady,3473
Tom Shadbolt,35179
John Shawver,628
Butch Sheehan,3000
Patrick Sheehan,762
Mark Sheftic,4786
Brad Sherfy,1002
Thomas Sherreard,3835
Kevin Shields,1168
Adam Short,1572
Wes Short Jr.,758
Bill Shriver,668
Eric Shriver,5682
Mark Sierak,1110
Kevin Silva,3791
Mark Silvers,5503
Henrik Simonsen,959
Alex Simpson,4193
Scott Simpson,390
Michael Sims,3256
Joey Sindelar,391
Patrik Sjoland,490
Ron Skayhan,733
Sonny Skinner,1617
Bill Skorheim,756
Mark Slawter,651
Jeff Sluman,393
David Smail,394
Charles Howell III,21961
Andy Smith,57003
Anthony Smith,4054
Brandon Smith,5866
Brian Smith,1031
Bruce Smith,1038
Chris Smith,395
Christopher Smith,1124
Jerry Smith,396
Mark Smith,1125
Bae Sang-moon,24701
Thorbjorn Olesen,33968
Robin Smith,3956
Sam Smith,5985
Stuart Smith,1370
Brian Smock,3262
Des Smyth,575
Haymes Snedeker,5018
J.B. Sneve,1205
Jay Snyder,1573
Vaughn Snyder,4641
Joey Snyder III,1362
Jim Sobb,835
Pierre-Henri Soero,1425
Tony Soerries,814
Steve Sokol,1262
Mick Soli,1598
Tray Sones,859
Greg Sonnier,963
Shunsuke Sonoda,5556
Annika Sorenstam,1029
Bob Sowards,631
George Coetzee,28937
Ryan Spears,4642
Adam Speirs,815
Craig Spence,398
Jamie Spence,871
Scott Spence,1553
Ian Spencer,1311
Dave Spengler,484
Peter Whiteford,27040
Mike Sposa,399
Clark Spratlin,400
Adam Spring,401
Mike Springer,402
Anthony Sproston,1126
Thammanoon Sriroj,1534
Jim St. Pierre,1565
Hwang Jung-gon,34554
Floris de Vries,27910
Mike Standly,404
Angela Stanford,5546
Neil Schietekat,30005
Ian Stanley,861
Marius Thorpe,
Whit Staples,5485
Chris Starkjohann,1364
B.J. Staten,1595
Dane Staton,406
Kenneth Staton,711
Kent Stauffer,919
Iain Steel,943
Lam Chih Bing,25768
Robert Steele,1535
Shawn Stefani,4643
Brett Stegmaier,1673
Rich Steinmetz,1554
David Stephens,407
Scott Sterling,1642
Richard Sterne,1499
Craig Stevens,632
Ray Stewart,641
Tim Stewart,4644
Tim Stieren,1610
Darron Stiles,984
Bud Still,829
Rick Stimmel,901
Brady Stockton,1596
Dave Stockton,409
Dave Stockton Jr.,408
Drew Stoltz,3735
Andre Stolz,1152
John Stone,410
Graeme Storm,23969
Curtis Strange,411
Scott Strange,3836
Ron Streck,1111
Paul Streeter,5554
Sven Struver,1212
Ockert Strydom,4194
Grant Sturgeon,4787
Chris Stutts,413
Miguel Suarez,3684
Zack Sucher,4708
Noboru Sugai,1098
Daniel Sugrue,1306
Chip Sullivan,414
James Sullivan,796
Mike Sullivan,577
Boyd Summerhays,1183
Joseph Summerhays,415
Steve Surry,4715
Nevin Sutcliffe,744
David Sutherland,416
Tom Sutter,1428
Brad Sutterfield,1342
Fred Sutton,1156
Hal Sutton,418
Toru Suzuki,862
Andrew Svoboda,1658
Hudson Swafford,5504
Dan Swanson,940
Tyler Swanson,1164
Brett Swedberg,5815
Jay Synkelma,419
Tatsuhiko Takahashi,1729
Yoshinobu Takahashi,4195
Junpei Takayama,4045
Tadahiro Takayama,24720
David Talcott,4196
Andrew Tampion,3643
Hidemichi Tanaka,420
Ken Tanigawa,421
Takuya Taniguchi,1558
Toru Taniguchi,422
Hideto Tanihara,1099
Todd Tanner,1368
Phil Tataurangi,423
Steven Tate,1194
Mitsuhiro Tateyama,3611
Brett Taylor,1314
Chris Taylor,3533
Nick Taylor,3792
Steven Taylor,3088
Jeff Templeton,5229
Lance Ten Broeck,3851
David Tentis,920
Taichi Teshima,578
Mikhail Tewary,4197
Doug Tewell,3346
Tim Thelen,424
Craig Thomas,4034
Justin Thomas,4848
Kim Thompson,921
Kyle Thompson,1025
Robert Thompson,3700
Ryan Thompson,4198
Oliver Thomson,779
Marius Thorp,1704
Steven Tiley,1307
Flip Timmerman,4199
Tim Tims,1243
Steen Tinning,1127
Mario Tiziani,816
Brendon Todd,3454
Genzo Tokimatsu,4200
Derek Tolan,819
Esteban Toledo,427
Tommy Tolles,428
Katsuyoshi Tomori,1100
Raff Toperoso,4201
Chris Toulson,1014
Ricky Touma,1268
Greg Towne,430
John Traub,1140
Jose Trauwitz,3631
Martin Travella,4202
Blake Trimble,4940
Paul Trittler,3565
Julien Trudeau,3361
Ted Tryba,433
Andrew Tschudin,1263
Yoshinobu Tsukada,1295
Chris Tucker,775
Jeremy Tucker,1590
Mark Tucker,1513
Miles Tunnicliff,1296
Bart Turchin,652
Jon Turcott,842
Jay Turcsik,579
Emmett Turner,5033
Greg Turner,580
Marc Turnesa,26668
Billy Tuten,435
Bob Tway,436
Howard Twitty,985
Nathan Tyler,3847
Ashley Umbers,4203
Martin Ureta,3324
Murray Urquhart,1537
Inigo Urquizu,5877
Francisco Valdes,4204
Simon Vale,582
Tyrone van Aswegen,3295
Dawie Van der Walt,3455
Tjaart Van der Walt,1186
Craig Van Horn,1510
Mike Van Sickle,4709
Jaco Van Zyl,1762
Frank Vana,1338
Daniel Alfredo Vancsik,4990
Diego Vanegas,3685
Nicolas Vanhootegem,583
James Vargas,440
Roy Vargas,4206
Bradford Vaughan,584
Steve Vecellio,1320
Diego Velasquez,5581
O.D. Vincent,721
Randol Viquez,4207
Dean Vomacka,4046
Brian Vranesh,3300
Roy Vucinich,1577
Bobby Wadkins,585
Lanny Wadkins,3350
Fred Wadsworth,442
Ekalak Waisayakul,4208
Grant Waite,443
Rocky Walcher,444
Lucas Wald,3774
Brett Waldman,5820
Trey Walewski,1101
Mark Walker,1040
Sam Walker,1502
Anthony Wall,1129
JJ Wall,1348
Darren Wallace,1343
Harold Wallace,966
Ben Walter,1717
Philip Walton,3837
Daniel Wardrop,4716
Paul Waring,3474
Mark Warman,729
Steven Jones,
Kevin Warrick,817
Heath Wassem,1245
Casey Watabu,1783
Aaron Watkins,1379
Scott Watkins,738
Stan Watkins,448
Denis Watson,863
Derek Watson,1634
Brian Watts,450
Tom Lewis,25016
Brett Wayment,1601
Darren Weatherall,4209
Scott Weatherly,1266
Doug Weaver,772
Lucas BJERREGAARD,33803
Brennan Webb,4017
Kane Webber,1725
Steve Webster,1539
Lu Wei-chih,5024
D.A. Weibring,451
Tim Weinhart,452
Isaac Weintraub,5760
Ben Weir,1507
Tom Weiskopf,1297
Ryan Welborn,1144
Mike Welch,1736
Ross Wellington,1707
Kevin Wentworth,454
Paul Wesselingh,1130
Roger Wessels,669
Heath West,1396
Brad Westfall,671
Rich Weston,1624
Wes Weston,4953
Suzy Whaley,1134
Sean Whiffin,1308
Dustin White,1659
Tom Whitehouse,892
Ron Whittaker,1587
Michelle Wie,1187
Gunner Wiebe,5220
Mark Wiebe,456
Martin Wiegele,3838
Chris Wiemers,1555
Paul Wightman,634
Vic Wilk,4031
Robert Wilkin,635
Tim Wilkinson,1157
Danny Willett,32139
Andrew Willey,1309
Aaron Williams,909
Chris Williams,4756
Gene Williams,5453
Lee Williams,1426
Lee Williamson,1744
Ben Willman,1310
Kyle Willmann,1392
Brian Wilson,460
Jeff Wilson,3794
Mike Wilson,3635
Steve Wilson,3973
Stuart Wilson,586
TJ Wilson,1382
Chris Winkel,1165
Thaworn Wiratchant,1588
Paul Wise,3185
John Witherall,1000
Casey Wittenberg,822
Bob Wolcott,1072
Erik Wolf,3518
Gary Wolstenholme,1102
Dan Woltman,3840
Dave Womack,1784
Eugene Wong,5587
Charlie Woo,4030
Chris Wood,3839
Jeff Wood,1011
Taylor Wood,1660
Tim Wood,3645
Stephen Woodard,674
Joshua Wooding,5230
Jim Woods,1103
Jay Woodson,3957
Rick Woodson,5987
Jim Woodward,636
Adam Wootton,57004
Carl Worley Jr.,464
Mike Worroll,1154
Michael Wright,1708
Scott Wright,720
Ashun Wu,4456
Wei-Huang Wu,4430
Mark Wurtz,465
Charles Wyatt,4210
Shinichi Yajima,4211
Cameron Yancey,777
Azuma Yano,1749
David Yarnes,1380
Simon Yates,1579
Jeffrey Yeckes,1383
Wei-Tze Yeh,1769
Greg Yeomans,823
Beau Yokomoto,1589
Kaname Yokoo,466
Shinichi Yokota,714
Tomoyuki Yoshida,4212
Jake Younan-Wise,4954
Bryson Young,637
Simon Young,883
Don Yrene,467
Hao Yuan,4438
Jeff Yurkiewicz,990
Bruce Zabriski,638
Eli Zackheim,1334
George Zahringer,1022
Chris Zambri,639
Fabrizio Zanotti,1770
Hector Zapata,1606
Rick Zarlengo,1043
Lian-Wei Zhang,1223
Matthew Zions,3476
Ian Ziska,1720
Fuzzy Zoeller,468
Richard Zokol,469
Paul Zurek,587
Zane Zwemke,1328
Tate Zyroll,1033
Julien Guerrier,1694
Joey Gullion,179
John Guyton,1146
Jay Haas Jr.,1633
Brian Hadley,2356
Anton Haig,1779
Gavin Hall,5663
Gary Hallberg,184
Robert Hamilton,766
Kirk Hanefeld,1153
Shaun Harmer,4111
Mike Harrigan,471
Ty Harris,3287
Rick Hartmann,190
Keith Clearwater,83
Jose Coceres,84
Alex Coe,1645
Dennis Colligan,519
Tim Conley,520
Jared Consoli,4082
Graham Cooke,653
Juan Cortes,4084
Richie Coughlan,90
Chip Craig,92
Paula Creamer,6035
Scott Curiel,1385
Hiroo Kawai,22460
Justin Kehoe,3465
Dave Kelly,1605
John Kemp,546
Stephen Keppler,607
Hank Kim,832
Tommy Kim,247
Marvin King,908
Tom Kite,248
Patton Kizzire,3980
Jeff Klein,994
Michael Knight,3852
Gary Koch,250
Bill Kokott,1715
Alex Martin,5499
Eddy Martin,4145
Daisuke Maruyama,1207
Nick Mason,5210
Dick Mast,291
Craig Matthew,649
Joey Maxon,294
Brian McCann,1722
Robert McClellan,2686
Sean McDonagh,1524
Daniel McEachern,951
Jim McGovern,302
Simon McGreal,2700
